Loot,Tiered?,Loot Type,Element,Acquisition Method,Craftable?,Last Updated,Notes
,Xur,,,,,,
Goldtusk,Yes,Sword,Arc,Purchase,Yes,Defiance,Tier Upgrade After Crafting
Death's Razor,Yes,Sword,Void,Purchase,Yes,Defiance,Tier Upgrade After Crafting
Throne-Cleaver,Yes,Sword,Solar,Purchase,Yes,Defiance,Tier Upgrade After Crafting
Imperial Decree,Yes,Shotgun,Kinetic,Purchase,Yes,Defiance,Tier Upgrade After Crafting
Blast Battue,No,Heavy Grenade Launcher,Arc,Purchase,No,Hunt,
Far Future,No,Sniper Rifle,Solar,Purchase,No,Chosen,
Extraordinary Rendition,No,Submachine Gun,Kinetic,Purchase,No,Chosen,
Widow's Bite,No,Sniper Rifle,Solar,Purchase,No,Arrivals,
A Distant Pull,Yes,Sniper Rifle,Stasis,Purchase,Yes,Deep,Tier Upgrade After Crafting
Adamantite,No,Auto Rifle,Strand,Purchase,No,Heresy,
Afterlight (Adept),No,Fusion Rifle,Void,Purchase,No,Heresy,
Tarnished Mettle,Yes,Scout Rifle,Arc,Purchase,Yes,Plunder,Tier Upgrade After Crafting
Sovereignty,No,Sniper Rifle,Void,Purchase,No,Revenant,
Bitter/Sweet,No,Heavy Grenade Launcher,Arc,Purchase,No,Revenant,
Iota Draconis,No,Fusion Rifle,Solar,Purchase,No,Lost,
Threaded Needle,No,Linear Fusion Rifle,Void,Purchase,No,Chosen,
Eleatic Principle,Yes,Machine Gun,Arc,Purchase,Yes,Witch,Tier Upgrade After Crafting
The Showrunner,No,Submachine Gun,Kinetic,Purchase,No,Witch,
Thin Precipice,Yes,Sword,Strand,Purchase,Yes,Deep,
Mirror Imago (Adept),No,Submachine Gun,Strand,Purchase,No,Heresy,
Rapacious Appetite,Yes,Submachine Gun,Stasis,Purchase,Yes,Deep,Tier Upgrade After Crafting
Negative Space,No,Sword,Solar,Purchase,No,Arrivals,
False Promises,No,Auto Rifle,Stasis,Purchase,No,Heresy,
Ill Omen,Yes,Sword,Stasis,Purchase,Yes,Echoes,Tier Upgrade After Crafting
Shepherd's Watch,No,Sniper Rifle,Kinetic,Purchase,No,Lost,
Veiled Threat,Yes,Auto Rifle,Stasis,Purchase,Yes,Echoes,Tier Upgrade After Crafting
Arsenic Bite-4b,No,Combat Bow,Arc,Purchase,No,Forsaken,
Adamantite (Adept),No,Auto Rifle,Strand,Purchase,No,Heresy,
Division,No,Sidearm,Arc,Purchase,No,Heresy,
Division (Adept),No,Sidearm,Arc,Purchase,No,Heresy,
No Reprieve,Yes,Shotgun,Stasis,Purchase,Yes,Plunder,Tier Upgrade After Crafting
Noxious Vetiver,No,Submachine Gun,Arc,Purchase,No,Revenant,
Semiotician,Yes,Rocket Sidearm,Strand,Purchase,Yes,Witch,Tier Upgrade After Crafting
Aberrant Action,Yes,Rocket Sidearm,Solar,Purchase,Yes,Echoes,Tier Upgrade After Crafting
Kept Confidence,Yes,Hand Cannon,Strand,Purchase,Yes,Witch,Tier Upgrade After Crafting
Hoosegow,No,Rocket Launcher,Arc,Purchase,No,Arrivals,
Timeworn Wayfarer,Yes,Scout Rifle,Solar,Purchase,Yes,Echoes,
Hollow Words,No,Fusion Rifle,Arc,Purchase,No,Heresy,
Different Times,Yes,Pulse Rifle,Strand,Purchase,Yes,Deep,Tier Upgrade After Crafting
Deadpan Delivery,No,Shotgun,Arc,Purchase,No,Witch,
Sojourner's Tale,No,Shotgun,Solar,Purchase,No,Revenant,
Sightline Survey,Yes,Hand Cannon,Arc,Purchase,Yes,Echoes,
Legal Action II,No,Pulse Rifle,Kinetic,Purchase,No,Lost,
Martyr's Retribution,No,Special Grenade Launcher,Solar,Purchase,No,Echoes,
Anamnesis (Adept),No,Combat Bow,Void,Purchase,No,Heresy,
Locus Locutus,Yes,Sniper Rifle,Stasis,Purchase,Yes,Witch,Tier Upgrade After Crafting
Wolftone Draw,No,Combat Bow,Arc,Purchase,No,Lost,
Line in the Sand,No,Linear Fusion Rifle,Arc,Purchase,No,Echoes,
Friction Fire,No,Submachine Gun,Kinetic,Purchase,No,Hunt,
The Number,No,Auto Rifle,Arc,Purchase,No,Splicer,
Outlast,No,Pulse Rifle,Solar,Purchase,No,Deep,
Just in Case,No,Sword,Solar,Purchase,No,Deep,
Mirror Imago,No,Submachine Gun,Strand,Purchase,No,Heresy,
Honor's Edge,No,Sword,Arc,Purchase,No,Worthy,
Faith-Keeper,No,Rocket Launcher,Void,Purchase,Yes,Echoes,
Quickfang,No,Sword,Void,Purchase,No,Splicer,
Chronophage,No,Trace Rifle,Void,Purchase,Yes,Echoes,
Exuviae,No,Hand Cannon,Stasis,Purchase,No,Revenant,
Interference VI,No,Heavy Grenade Launcher,Arc,Purchase,No,Worthy,
Imperial Needle,No,Linear Fusion Rifle,Void,Purchase,No,Chosen,
Snorri FR5,No,Fusion Rifle,Void,Purchase,No,Witch Queen,
Typhon GL5,No,Heavy Grenade Launcher,Stasis,Purchase,No,Witch Queen,
Gallu RR3,No,Sniper Rifle,Arc,Purchase,No,Haunted,
Ammit AR2,No,Auto Rifle,Solar,Purchase,Yes,Plunder,
Senuna SI6,No,Sidearm,Stasis,Purchase,No,Defiance,
Yarovit MG4,No,Submachine Gun,Stasis,Purchase,No,Echoes,
Cruoris FR4,No,Fusion Rifle,Arc,Purchase,No,Heresy,
Harsh Language,No,Special Grenade Launcher,Void,Purchase,No,Defiance,
Battle Scar,No,Pulse Rifle,Kinetic,Purchase,No,Defiance,
Hand in Hand,No,Shotgun,Arc,Purchase,No,Defiance,
Nasreddin,No,Sword,Arc,Purchase,No,Defiance,
Old Sterling,No,Auto Rifle,Strand,Purchase,No,Deep,
Combined Action,No,Hand Cannon,Arc,Purchase,No,Deep,
Last Foray,No,Sniper Rifle,Solar,Purchase,No,Deep,
Parabellum,No,Submachine Gun,Solar,Purchase,No,Wish,
Controlling Vision,No,Sidearm,Kinetic,Purchase,No,Echoes,
Truthteller,No,Special Grenade Launcher,Void,Purchase,No,Echoes,
Memory Interdict,No,Heavy Grenade Launcher,Void,Purchase,No,Splicer,
Distant Tumulus,No,Sniper Rifle,Solar,Purchase,No,Worthy,
Sailspy Pitchglass,No,Linear Fusion Rifle,Arc,Purchase,No,Plunder,
Dire Promise,No,Hand Cannon,Kinetic,Purchase,No,Worthy,
Breachlight,No,Sidearm,Kinetic,Purchase,No,Echoes,
First in First Out,No,Shotgun,Arc,Purchase,No,Arrivals,
Corrasion,No,Pulse Rifle,Arc,Purchase,Yes,Echoes,
Lost Signal,No,Special Grenade Launcher,Stasis,Purchase,Yes,Echoes,
Targeted Redaction,No,Hand Cannon,Void,Purchase,No,Deep,
Jian 7,No,Pulse Rifle,Arc,Purchase,No,Worthy,
Enigma's Draw,No,Sidearm,Kinetic,Purchase,No,Worthy,
Escape Velocity,No,Submachine Gun,Kinetic,Purchase,No,Worthy,
Nature of the Beast,No,Hand Cannon,Arc,Purchase,No,Arrivals,
Berenger's Memory,No,Heavy Grenade Launcher,Void,Purchase,No,Arrivals,
Corsair's Wrath,No,Linear Fusion Rifle,Solar,Purchase,No,Hunt,
Deafening Whisper,No,Special Grenade Launcher,Void,Purchase,No,Hunt,
Royal Chase,No,Scout Rifle,Void,Purchase,No,Hunt,
Code Duello,No,Rocket Launcher,Solar,Purchase,No,Chosen,
Tarantula,No,Linear Fusion Rifle,Arc,Purchase,No,Chosen,
Shattered Cipher,No,Machine Gun,Void,Purchase,No,Splicer,
Ignition Code,No,Special Grenade Launcher,Kinetic,Purchase,No,Splicer,
Farewell,No,Sidearm,Kinetic,Purchase,No,Splicer,
The Vision,No,Sidearm,Arc,Purchase,No,Splicer,
Eternity's Edge,No,Sword,Solar,Purchase,No,Splicer,
Crown-Splitter,No,Sword,Void,Purchase,No,Splicer,
Pleiades Corrector,No,Scout Rifle,Solar,Purchase,No,Splicer,
Stochastic Variable,No,Submachine Gun,Arc,Purchase,No,Splicer,
Annual Skate,No,Hand Cannon,Solar,Purchase,No,Lost,
Contingency Plan,No,Scout Rifle,Arc,Purchase,No,Lost,
Planck's Stride,No,Machine Gun,Arc,Purchase,No,Plunder,
Brigand's Law,No,Sidearm,Arc,Purchase,No,Plunder,
The Eremite,No,Fusion Rifle,Solar,Purchase,Yes,Witch,
Persuader,No,Sniper Rifle,Void,Purchase,No,Witch,
Whispering Slab,No,Combat Bow,Kinetic,Purchase,No,Arrivals,
Vantage Point,No,Pulse Rifle,Arc,Purchase,No,Revenant,
Bushido Armor,Yes,Armor,Armor,Purchase,No,Edge of Fate,
Swordmaster Armor,Yes,Armor,Armor,Purchase,No,Renegades,
,Banshee-44 | Gunsmith,,,,,,
Rose,No,Hand Cannon,Kinetic,One Time Pickup,No,Wish,
Multimach CCX,No,Submachine Gun,Kinetic,One Time Pickup,No,Seraph,
Compass Rose,No,Shotgun,Solar,One Time Pickup,No,Deep,
The Hothead,No,Rocket Launcher,Arc,One Time Pickup,No,Lost,
Indebted Kindness,No,Rocket Sidearm,Arc,One Time Pickup,No,Wish,
VS Chill Inhibitor,No,Heavy Grenade Launcher,Stasis,One Time Pickup,No,Revenant,
Steel Feather Repeater,Yes,Auto Rifle,Kinetic,Actively Dropped Gear,No,Echoes,
Chroma Rush,Yes,Auto Rifle,Kinetic,Actively Dropped Gear,No,Splicer,
Nox Perennial V,No,Fusion Rifle,Strand,Actively Dropped Gear,No,Witch,
Liturgy,Yes,Special Grenade Launcher,Stasis,Actively Dropped Gear,No,Revenant,
Infinite Paths 8,Yes,Pulse Rifle,Arc,Actively Dropped Gear,No,MoT,
Gridskipper,Yes,Pulse Rifle,Void,Actively Dropped Gear,No,Splicer,
Red Tape,Yes,Scout Rifle,Stasis,Actively Dropped Gear,No,Revenant,
Perfect Paradox,Yes,Shotgun,Kinetic,Actively Dropped Gear,No,Echoes,
Heliocentric QSC,Yes,Sidearm,Solar,Actively Dropped Gear,No,Witch,
Brass Attacks,Yes,Sidearm,Void,Actively Dropped Gear,No,Chosen,
Death Adder,Yes,Submachine Gun,Solar,Actively Dropped Gear,No,MoT,
Temptation's Hook,Yes,Sword,Arc,Actively Dropped Gear,No,MoT,
Trendsetter,Yes,Auto Rifle,Arc,Actively Dropped Gear,No,MoT,
Inbound Surveillance,Yes,Scout Rifle,Kinetic,Actively Dropped Gear,No,MoT,
Patron of Lost Causes,Yes,Scout Rifle,Kinetic,Reward Engram/Purchase,No,Echoes,
Watchful Eye,Yes,Machine Gun,Arc,Reward Engram/Purchase,No,Heresy,
Cold Denial,Yes,Pulse Rifle,Kinetic,Reward Engram/Purchase,No,Arrivals,
Aurvandil FR6,Yes,Fusion Rifle,Stasis,Vendor Exclusive Gear,No,MoT,
Maahes HC4,Yes,Hand Cannon,Void,Vendor Exclusive Gear,No,MoT,
Watchful Eye,Yes,Machine Gun,Arc,Vendor Exclusive Gear,No,MoT,
Cold Denial,Yes,Pulse Rifle,Kinetic,Vendor Exclusive Gear,No,MoT,
Ogma PR6,Yes,Pulse Rifle,Solar,Vendor Exclusive Gear,No,MoT,
Patron of Lost Causes,Yes,Scout Rifle,Kinetic,Vendor Exclusive Gear,No,MoT,
Live Fire,Yes,Scout Rifle,Stasis,Vendor Exclusive Gear,No,MoT,
Glissando-47,Yes,Scout Rifle,Strand,Vendor Exclusive Gear,No,MoT,
Admetus-D,Yes,Scout Rifle,Solar,Vendor Exclusive Gear,No,MoT,
Ded Gramarye IV,Yes,Shotgun,Arc,Vendor Exclusive Gear,No,MoT,
Insurmountable,Yes,Sidearm,Void,Vendor Exclusive Gear,No,MoT,
Abyssal Edge,Yes,Sword,Strand,Vendor Exclusive Gear,No,MoT,
Monody-44,Yes,Fusion Rifle,Void,Vendor Exclusive Gear,No,Revenant,
Motif-41,Yes,Special Grenade Launcher,Solar,Vendor Exclusive Gear,No,Revenant,
Hawthorne's Field-Forged Shotgun,Yes,Shotgun,Stasis,Vendor Exclusive Gear,No,Revenant,
Eighty-Six,Yes,Sword,Strand,Vendor Exclusive Gear,No,Revenant,
Drang,Yes,Sidearm,Solar,Vendor Exclusive Gear,No,Edge of Fate,
Mida Mini-Tool,Yes,Submachine Gun,Solar,Vendor Exclusive Gear,No,Edge of Fate,
Haliaetus,Yes,Rocket Launcher,Strand,Reward Engram/Purchase,No,Edge of Fate,
Ahab Char,Yes,Auto Rifle,Solar,Reward Engram/Purchase,No,Edge of Fate,
Jurisprudent,Yes,Scout Rifle,Stasis,Reward Engram/Purchase,No,Edge of Fate,
Faustus Decline,Yes,Rocket Sidearm,Stasis,Reward Engram/Purchase,No,Edge of Fate,
Shoreline Dissident,Yes,Sniper Rifle,Void,Reward Engram/Purchase,No,Edge of Fate,
Psi Hermetic V,No,Pulse Rifle,Stasis,Legacy Focused Decoding,No,Witch,
Ros Arago IV,No,Auto Rifle,Void,Legacy Focused Decoding,No,Wish,
Crux Termination IV,No,Rocket Launcher,Arc,Legacy Focused Decoding,No,Wish,
Neoptolemus II,No,Combat Bow,Kinetic,Legacy Focused Decoding,No,Revenant,
Qua Furor V,No,Machine Gun,Stasis,Legacy Focused Decoding,No,Heresy,
Geodetic HSM,No,Sword,Void,Legacy Focused Decoding,No,Witch,
The Domino,No,Sniper Rifle,Solar,Legacy Focused Decoding,No,Echoes,
Boondoggle Mk. 55,No,Submachine Gun,Kinetic,Legacy Focused Decoding,No,Heresy,
Cantata-57,No,Hand Cannon,Arc,Legacy Focused Decoding,No,Witch Queen,
Syncopation-53,Yes,Pulse Rifle,Stasis,Legacy Focused Decoding,Yes,Witch Queen,Tier Upgrade After Crafting
Fugue-55,No,Sniper Rifle,Void,Legacy Focused Decoding,No,Witch Queen,
Staccato-46,No,Scout Rifle,Solar,Legacy Focused Decoding,No,Haunted,
Pizzicato-22,No,Submachine Gun,Kinetic,Legacy Focused Decoding,No,Plunder,
Fioritura-59,No,Sidearm,Void,Legacy Focused Decoding,No,Seraph,
Coronach-22,No,Auto Rifle,Solar,Legacy Focused Decoding,No,Defiance,
Marcato-45,No,Machine Gun,Strand,Legacy Focused Decoding,No,Wish,
Adverse Possession IX,No,Scout Rifle,Arc,Legacy Focused Decoding,No,Echoes,
Legato-11,No,Shotgun,Solar,Legacy Focused Decoding,No,Revenant,
Palmyra-B,Yes,Rocket Launcher,Stasis,Legacy Focused Decoding,Yes,Witch Queen,Tier Upgrade After Crafting
Perses-D,No,Scout Rifle,Stasis,Legacy Focused Decoding,No,Witch Queen,
Ragnhild-D,Yes,Shotgun,Kinetic,Legacy Focused Decoding,Yes,Witch Queen,Tier Upgrade After Crafting
Enyo-D,No,Submachine Gun,Kinetic,Legacy Focused Decoding,No,Haunted,
Boudica-C,No,Sidearm,Kinetic,Legacy Focused Decoding,No,Plunder,
Lodbrok-C,No,Auto Rifle,Kinetic,Legacy Focused Decoding,No,Seraph,
Marsilion-C,No,Heavy Grenade Launcher,Solar,Legacy Focused Decoding,No,Defiance,
Veleda-F,No,Sniper Rifle,Void,Legacy Focused Decoding,No,Revenant,
Admetus-D,No,Scout Rifle,Solar,Legacy Focused Decoding,No,Heresy,
Krait,No,Auto Rifle,Stasis,Legacy Focused Decoding,No,Witch Queen,
Redback-5SI,No,Sidearm,Solar,Legacy Focused Decoding,No,Witch Queen,
Funnelweb,No,Submachine Gun,Void,Legacy Focused Decoding,No,Witch Queen,
Lunulata-4B,No,Combat Bow,Stasis,Legacy Focused Decoding,No,Haunted,
Taipan-4fr,Yes,Linear Fusion Rifle,Void,Legacy Focused Decoding,Yes,Plunder,Tier Upgrade After Crafting
Jararaca-3SR,No,Scout Rifle,Stasis,Legacy Focused Decoding,No,Seraph,
Irukandji,No,Sniper Rifle,Stasis,Legacy Focused Decoding,No,Defiance,
Suspectum-4FR,No,Linear Fusion Rifle,Stasis,Legacy Focused Decoding,No,Echoes,
Snorri FR5,No,Fusion Rifle,Void,Legacy Focused Decoding,No,Witch Queen,
Typhon GL5,No,Heavy Grenade Launcher,Stasis,Legacy Focused Decoding,No,Witch Queen,
Gallu RR3,No,Sniper Rifle,Arc,Legacy Focused Decoding,No,Haunted,
Ammit AR2,Yes,Auto Rifle,Solar,Legacy Focused Decoding,Yes,Witch Queen,Tier Upgrade After Crafting
Senuna SI6,No,Sidearm,Stasis,Legacy Focused Decoding,No,Defiance,
Yarovit MG4,No,Submachine Gun,Stasis,Legacy Focused Decoding,No,Echoes,
Cruoris FR4,No,Fusion Rifle,Arc,Legacy Focused Decoding,No,Heresy,
Harsh Language,No,Special Grenade Launcher,Void,Legacy Focused Decoding,No,Defiance,
Battle Scar,No,Pulse Rifle,Kinetic,Legacy Focused Decoding,No,Defiance,
Hand in Hand,No,Shotgun,Arc,Legacy Focused Decoding,No,Defiance,
Nasreddin,Yes,Sword,Arc,Legacy Focused Decoding,No,Defiance,
Old Sterling,No,Auto Rifle,Strand,Legacy Focused Decoding,No,Deep,
Combined Action,No,Hand Cannon,Arc,Legacy Focused Decoding,No,Deep,
Last Foray,Yes,Sniper Rifle,Solar,Legacy Focused Decoding,No,Deep,
Parabellum,Yes,Submachine Gun,Solar,Legacy Focused Decoding,No,Wish,
Controlling Vision,No,Sidearm,Kinetic,Legacy Focused Decoding,No,Echoes,
Truthteller,No,Special Grenade Launcher,Void,Legacy Focused Decoding,No,Echoes,
,Saint-14,,,,,,
Willful Hamartia,Yes,Linear Fusion Rifle,Arc,Actively Dropped,No,MoT,
The Messenger,Yes,Pulse Rifle,Kinetic,Actively Dropped,No,MoT,
The Summoner,Yes,Auto Rifle,Solar,Actively Dropped,No,MoT,
The Scholar,Yes,Scout Rifle,Strand,Actively Dropped,No,MoT,
Sola's Scar,Yes,Sword,Solar,Actively Dropped,No,MoT,
Aisha's Care,Yes,Pulse Rifle,Strand,Actively Dropped,No,MoT,
Exalted Truth,Yes,Hand Cannon,Void,Actively Dropped,No,MoT,
Keen Thistle,Yes,Sniper Rifle,Solar,Actively Dropped,No,MoT,
The Inquisitor,Yes,Shotgun,Arc,Actively Dropped,No,MoT,
Igneous Hammer,Yes,Hand Cannon,Solar,Actively Dropped,No,MoT,
Shayura's Wrath,Yes,Submachine Gun,Void,Actively Dropped,No,MoT,
Eye of Sol,Yes,Sniper Rifle,Kinetic,Actively Dropped,No,MoT,
Exile's Curse,Yes,Fusion Rifle,Solar,Actively Dropped,No,MoT,
Tomorrow's Answer,Yes,Rocket Launcher,Void,Actively Dropped,No,MoT,
Reed's Regret,Yes,Linear Fusion Rifle,Stasis,Vendor Exclusive,No,MoT,
Yesterday's Question,Yes,Rocket Launcher,Void,Vendor Exclusive,No,MoT,
The Martlet,Yes,Pulse Rifle,Void,Vendor Exclusive,No,Renegades,
Corundum Hammer,Yes,Hand Cannon,Strand,Vendor Exclusive,No,Renegades,
The Immortal,Yes,Submachine Gun,Strand,Vendor Exclusive,No,Renegades,
Cataphract GL3,Yes,Heavy Grenade Launcher,Strand,Vendor Exclusive,No,Renegades,
Astral Horizon,Yes,Shotgun,Kinetic,Vendor Exclusive,No,Renegades,
Everburning Glitz,Yes,Auto Rifle,Kinetic,Vendor Exclusive,No,Edge of Fate,
Burden of Guilt,Yes,Fusion Rifle,Stasis,Vendor Exclusive,No,Edge of Fate,
Aureus Neutralizer,Yes,Hand Cannon,Kinetic,Vendor Exclusive,No,Edge of Fate,
Auric Disabler,Yes,Auto Rifle,Strand,Vendor Exclusive,No,Edge of Fate,
Aisha's Embrace,Yes,Scout Rifle,Void,Vendor Exclusive,No,Edge of Fate,
Unwavering Duty,Yes,Machine Gun,Solar,Vendor Exclusive,No,Edge of Fate,
Forgiveness,Yes,Sidearm,Arc,Vendor Exclusive,No,Edge of Fate,
Cruel Electrum,Yes,Armor,Armor,Focus,No,MoT,
New Demotic,Yes,Armor,Armor,Focus,No,Renegades,
Twofold Crown Armor,Yes,Armor,Armor,Focus,No,Edge of Fate,
Jackal-Heart Armor,No,Armor,Armor,Purchase,No,Heresy,
Fursed Aurum Armor,No,Armor,Armor,Purchase,No,Witch,
Atavistic Idol Armor,No,Armor,Armor,Purchase,No,Haunted,
Phyrric Ascent Armor,No,Armor,Armor,Purchase,No,Chosen,
Of the Exile Armor,No,Armor,Armor,Purchase,No,Arrivals,
,Valus Saladin,,,,,,
The Forward Path,Yes,Auto Rifle,Strand,Actively Dropped,No,MoT,
Lethal Abundance,Yes,Auto Rifle,Arc,Actively Dropped,No,MoT,
Point of the Stag,Yes,Combat Bow,Arc,Actively Dropped,No,MoT,
The Wizened Rebuke,Yes,Fusion Rifle,Arc,Actively Dropped,No,MoT,
Pressurized Precision,Yes,Fusion Rifle,Strand,Actively Dropped,No,MoT,
Crimil's Dagger,Yes,Hand Cannon,Kinetic,Actively Dropped,No,MoT,
The Time-Worn Spire,Yes,Pulse Rifle,Stasis,Actively Dropped,No,MoT,
Roar of the Bear,Yes,Rocket Launcher,Solar,Actively Dropped,No,MoT,
Felwinter's Lie,Yes,Shotgun,Solar,Actively Dropped,No,MoT,
Gunnora's Axe,Yes,Shotgun,Solar,Actively Dropped,No,MoT,
Occluded Finality,Yes,Sniper Rifle,Arc,Actively Dropped,No,MoT,
Multimach CCX,Yes,Submachine Gun,Kinetic,Actively Dropped,No,MoT,
Allied Demand,Yes,Rocket Sidearm,Kinetic,Vendor Exclusive,No,MoT,
Archon's Thunder,Yes,Machine Gun,Solar,Vendor Exclusive,No,MoT,
Bite of the Fox,Yes,Sniper Rifle,Kinetic,Vendor Exclusive,No,MoT,
Claws of the Wolf,Yes,Pulse Rifle,Void,Vendor Exclusive,No,MoT,
Finite Impactor,Yes,Hand Cannon,Solar,Vendor Exclusive,No,Edge of Fate,
Frontier's Cry,Yes,Hand Cannon,Solar,Vendor Exclusive,No,MoT,
Jorum's Claw,Yes,Pulse Rifle,Solar,Vendor Exclusive,No,MoT,
Peacebond,Yes,Rocket Sidearm,Stasis,Vendor Exclusive,No,MoT,
Reghusk's Pledge,Yes,Auto Rifle,Void,Vendor Exclusive,No,Renegades,
Riiswalker,Yes,Shotgun,Kinetic,Vendor Exclusive,No,MoT,
The Hero's Burden,Yes,Submachine Gun,Void,Vendor Exclusive,No,MoT,
Tinasha's Mastery,Yes,Rocket Sidearm,Arc,Vendor Exclusive,No,MoT,
Tusk of the Boar,Yes,Special Grenade Launcher,Strand,Vendor Exclusive,No,MoT,
Forge's Pledge,No,Pulse Rifle,Solar,Legacy Focused Decoding,No,Lost,
Razor's Edge,No,Sword,Void,Legacy Focused Decoding,No,Witch Queen,
Dark Decider,No,Auto Rifle,Arc,Legacy Focused Decoding,No,Defiance,
Swarm of the Raven,No,Heavy Grenade Launcher,Void,Legacy Focused Decoding,No,Deep,
The Guiding Sight,No,Scout Rifle,Strand,Legacy Focused Decoding,No,Echoes,
Warlord's Spear,No,Trace Rifle,Arc,Legacy Focused Decoding,No,Heresy,
Nature Reclaimed,No,Scout Rifle,Solar,Legacy Focused Decoding,No,Heresy,
Iron Battalion Armor,Yes,Armor,Armor,Actively Dropped,No,MoT,
Iron Panopoly Armor,Yes,Armor,Armor,Focused Decoding,No,Edge of Fate,
Iron Remembrance Armor,No,Armor,Armor,Legacy Focused Decoding,No,Forsaken,
Iron Fellowship Armor,No,Armor,Armor,Legacy Focused Decoding,No,Black Armory,
Iron Symmachy Armor,No,Armor,Armor,Legacy Focused Decoding,No,Drifter,
Iron Truage Armor,No,Armor,Armor,Legacy Focused Decoding,No,Opulence,
Iron Will Armor,No,Armor,Armor,Legacy Focused Decoding,No,Undying,
Iron Forerunner Armor,No,Armor,Armor,Legacy Focused Decoding,No,Lost,
Iron Companion Armor,No,Armor,Armor,Legacy Focused Decoding,No,Seraph,
Iron Intent Armor,No,Armor,Armor,Legacy Focused Decoding,No,Revenant,
,The Drifter,,,,,,
Gnawing Hunger,Yes,Auto Rifle,Void,Actively Dropped,No,MoT,
Hush,Yes,Combat Bow,Stasis,Actively Dropped,No,MoT,
21% Delierium,Yes,Machine Gun,Arc,Actively Dropped,No,MoT,
Bad Omens,Yes,Rocket Launcher,Void,Actively Dropped,No,MoT,
Trust,Yes,Hand Cannon,Solar,Actively Dropped,No,MoT,
Sole Survivor,Yes,Sniper Rifle,Arc,Actively Dropped,No,MoT,
Spare Rations,Yes,Hand Cannon,Kinetic,Actively Dropped,No,MoT,
Doomsday,Yes,Heavy Grenade Launcher,Arc,Actively Dropped,No,MoT,
Last Man Standing,Yes,Shotgun,Solar,Actively Dropped,No,MoT,
Bug-Out Bag,Yes,Submachine Gun,Void,Actively Dropped,No,MoT,
Bygones,Yes,Pulse Rifle,Kinetic,Actively Dropped,No,MoT,
Python,Yes,Shotgun,Void,Actively Dropped,No,MoT,
Nightwatch,Yes,Scout Rifle,Kinetic,Vendor Exclusive,No,MoT,
Bottom Dollar,Yes,Hand Cannon,Void,Vendor Exclusive,No,MoT,
Herod-C,Yes,Auto Rifle,Stasis,Vendor Exclusive,No,MoT,
Yesteryear,Yes,Pulse Rifle,Void,Vendor Exclusive,No,MoT,
Laser Painter,Yes,Linear Fusion Rifle,Strand,Vendor Exclusive,No,MoT,
Breakneck,Yes,Auto Rifle,Kinetic,Vendor Exclusive,No,MoT,
Lonesome,Yes,Sidearm,Kinetic,Vendor Exclusive,No,MoT,
Cyberserpent Null Armor,Yes,Armor,Armor,Actively Dropped,No,MoT,
Crowd Pleaser,No,Heavy Grenade Launcher,Void,Legacy Gear,No,Beyond Light,
Trinary System,No,Fusion Rifle,Solar,Legacy Gear,No,Chosen,
Borrowed Time,No,Submachine Gun,Solar,Legacy Gear,No,Splicer,
Servant Leader,No,Scout Rifle,Kinetic,Legacy Gear,No,Lost,
Dead Weight,No,Shotgun,Arc,Legacy Gear,No,Haunted,
Albruna-D,No,Sniper Rifle,Arc,Legacy Gear,No,Seraph,
Qua Xaphan V,No,Machine Gun,Void,Legacy Gear,No,Witch,
,Ada-1,,,,,,
Noble Constant Armor,No,Armor,Armor,Vendor Exclusive,No,Red War,
Retro-Grade TG2 Armor,No,Armor,Armor,Vendor Exclusive,No,Red War,
Devastation Complex,No,Armor,Armor,Vendor Exclusive,No,Red War,
Kerak Type Armor,No,Armor,Armor,Vendor Exclusive,No,Red War,
Mark of the Unassailable,No,Armor,Armor,Vendor Exclusive,No,Red War,
Mark of the Colliders,No,Armor,Armor,Vendor Exclusive,No,Red War,
Ere The End (Mark),No,Armor,Armor,Vendor Exclusive,No,Red War,
Torobotl Celebration Mask,No,Armor,Armor,Vendor Exclusive,No,Forsaken,
Scorned Baron Plate,No,Armor,Armor,Vendor Exclusive,No,Forsaken,
Memory of Cayde Mark,No,Armor,Armor,Vendor Exclusive,No,Forsaken,
Mimetic Savior Armor,No,Armor,Armor,Vendor Exclusive,No,Forsaken,
Prodigal Armor,No,Armor,Armor,Vendor Exclusive,No,Forsaken,
Insight Unyielding Armor,No,Armor,Armor,Vendor Exclusive,No,Arrivals,
Terra Concord Armor,No,Armor,Armor,Vendor Exclusive,No,Arrivals,
Wild Hunt Armor,No,Armor,Armor,Vendor Exclusive,No,Hunt,
Praefectus Armor,No,Armor,Armor,Vendor Exclusive,No,Chosen,
Lightkin Armor,No,Armor,Armor,Vendor Exclusive,No,Splicer,
Pathfinder's Armor,No,Armor,Armor,Vendor Exclusive,No,Lost,
Tusked Allegiance Armor,No,Armor,Armor,Vendor Exclusive,No,Chosen,
Eidolon Pursuant Armor,No,Armor,Armor,Vendor Exclusive,No,Haunted,
Ketchkiller's Armor,No,Armor,Armor,Vendor Exclusive,No,Plunder,
Warmind's Avatar,No,Armor,Armor,Vendor Exclusive,No,Seraph,
Techeun's Regalia Armor,No,Armor,Armor,Vendor Exclusive,No,Defiance,
"NPA ""Weir-Walker"" Armor",No,Armor,Armor,Vendor Exclusive,No,Deep,
Veiled Tithes Armor,No,Armor,Armor,Vendor Exclusive,No,Witch,
Wyrmguard Armor,No,Armor,Armor,Vendor Exclusive,No,Wish,
Untethered Edge Armor,No,Armor,Armor,Vendor Exclusive,No,Echoes,
Shadestalker Armor,No,Armor,Armor,Vendor Exclusive,No,Revenant,
Apostate's Blade Armor,No,Armor,Armor,Vendor Exclusive,No,Heresy,
,Hawthorne,,,,,,
Unfall,Yes,Rocket Sidearm,Arc,Fireteam Ops Engrams,No,Edge of Fate,
Mercury-A,Yes,Combat Bow,Kinetic,Fireteam Ops Engrams,No,Edge of Fate,
Boomslang-4FR,Yes,Linear Fusion Rifle,Arc,Fireteam Ops Engrams,No,Edge of Fate,
Qua Nilus II,Yes,Submachine Gun,Arc,Fireteam Ops Engrams,No,Edge of Fate,
Drang,Yes,Sidearm,Solar,Fireteam Ops Engrams,No,Edge of Fate,
Mida Mini Tool,Yes,Submachine Gun,Solar,Fireteam Ops Engrams,No,Edge of Fate,
Halieatus,Yes,Rocket Launcher,Strand,Fireteam Ops Engrams,No,Edge of Fate,
Aurora Dawn,Yes,Sword,Stasis,Fireteam Ops Engrams,No,Edge of Fate,
Ahab Char,Yes,Auto Rifle,Solar,Fireteam Ops Engrams,No,Edge of Fate,
Jurisprudent,Yes,Scout Rifle,Stasis,Fireteam Ops Engrams,No,Edge of Fate,
Faustus Decline,Yes,Sidearm,Stasis,Fireteam Ops Engrams,No,Edge of Fate,
Shoreline Dissident,Yes,Sniper Rifle,Void,Fireteam Ops Engrams,No,Edge of Fate,
Forced Memorializer,Yes,Scout Rifle,Kinetic,Fireteam Ops Engrams,No,Edge of Fate,
Seraphine Haze,Yes,Submachine Gun,Stasis,Fireteam Ops Engrams,No,Edge of Fate,
Pre Astyanax IV,Yes,Combat Bow,Solar,Fireteam Ops Engrams,No,Edge of Fate,
Mint Retrograde,Yes,Rocket Pulse Rifle,Strand,Fireteam Ops Engrams,No,Edge of Fate,
Lionfish-4FR,Yes,Fusion Rifle,Stasis,Fireteam Ops Engrams,No,Edge of Fate,
Theodolite,Yes,Special Grenade Launcher,Arc,Fireteam Ops Engrams,No,Edge of Fate,
Outrageous Fortune,Yes,Heavy Grenade Launcher,Solar,Fireteam Ops Engrams,No,Edge of Fate,
The Helmsman,Yes,Sniper Rifle,Arc,Distorted Engrams,No,MoT,
Joxer's Longsword,Yes,Pulse Rifle,Void,Distorted Engrams,No,MoT,
Better Devils,Yes,Hand Cannon,Strand,Distorted Engrams,No,MoT,
Unending Tempest,Yes,Submachine Gun,Stasis,Distorted Engrams,No,MoT,
Randy's Throwing Knife,Yes,Scout Rifle,Kinetic,Distorted Engrams,No,MoT,
Autumn Wind,Yes,Pulse Rifle,Kinetic,Distorted Engrams,No,MoT,
Out of Bounds,Yes,Submachine Gun,Arc,Distorted Engrams,No,MoT,
Sorrow's Verse,Yes,Auto Rifle,Arc,Distorted Engrams,No,MoT,
Survivor's Epitaph,Yes,Hand Cannon,Kinetic,Distorted Engrams,No,MoT,
The Keening,Yes,Rocket Sidearm,Arc,Distorted Engrams,No,MoT,
Frozen Orbit,Yes,Sniper Rifle,Void,Distorted Engrams,No,MoT,
Qua Vinctus IV,Yes,Machine Gun,Strand,Distorted Engrams,No,Renegades,
Ouster Engine,Yes,Heavy Grenade Launcher,Stasis,Distorted Engrams,No,MoT,
Whatchamacallit,Yes,Submachine Gun,Arc,Distorted Engrams,No,MoT,
Salvager's Salvo,Yes,Special Grenade Launcher,Arc,Distorted Engrams,No,MoT,
Null Composure,Yes,Fusion Rifle,Void,Distorted Engrams,No,MoT,
Adored,Yes,Sniper Rifle,Arc,Distorted Engrams,No,MoT,
Mint Retrograde,Yes,Rocket Pulse Rifle,Strand,Distorted Engrams,No,MoT,
The Palindrome,Yes,Hand Cannon,Arc,Distorted Engrams,No,MoT,
Lotus-Eater,Yes,Rocket Sidearm,Void,Distorted Engrams,No,MoT,
The Slammer,Yes,Sword,Stasis,Distorted Engrams,No,MoT,
D.F.A.,Yes,Hand Cannon,Kinetic,Distorted Engrams,No,MoT,
The Hothead,Yes,Rocket Launcher,Arc,Distorted Engrams,No,MoT,
Steel Feather Repeater,Yes,Auto Rifle,Kinetic,Distorted Engrams,No,MoT,
Perfect Paradox,Yes,Shotgun,Kinetic,Distorted Engrams,No,MoT,
Red Tape,Yes,Scout Rifle,Stasis,Distorted Engrams,No,MoT,
Liturgy,Yes,Special Grenade Launcher,Stasis,Distorted Engrams,No,MoT,
Nox Perennial V,Yes,Fusion Rifle,Stasis,Distorted Engrams,No,MoT,
Chroma Rush,Yes,Auto Rifle,Kinetic,Distorted Engrams,No,MoT,
Infinite Paths 8,Yes,Pulse Rifle,Arc,Distorted Engrams,No,MoT,
Temptation's Hook,Yes,Sword,Arc,Distorted Engrams,No,MoT,
Heliocentric QSC,Yes,Sidearm,Solar,Distorted Engrams,No,MoT,
Death Adder,Yes,Submachine Gun,Solar,Distorted Engrams,No,MoT,
Brass Attacks,Yes,Rocket Sidearm,Void,Distorted Engrams,No,MoT,
Gridskipper,Yes,Pulse Rifle,Void,Distorted Engrams,No,MoT,
Trendsetter,Yes,Auto Rifle,Arc,Distorted Engrams,No,MoT,
Inbound Surveillance,Yes,Scout Rifle,Kinetic,Distorted Engrams,No,MoT,
Luminopotent Armor,Yes,Armor,Armor,Distorted Engrams,No,MoT,
Eutechnology Armor,Yes,Armor,Armor,Distorted Engrams,No,MoT,
Triumphal Anthem Armor,Yes,Armor,Armor,Distorted Engrams,No,MoT,
Triumphal Anthem Armor,Yes,Armor,Armor,Distorted Engrams,No,MoT,
Eutechnology Armor,Yes,Armor,Armor,Distorted Engrams,No,MoT,
Smoke Jumper Armor,Yes,Armor,Armor,Fireteam Ops Engrams,No,Edge of Fate,
Techsec Armor,Yes,Armor,Armor,Fireteam Ops Engrams,No,Edge of Fate,
Bushido Armor,Yes,Armor,Armor,Fireteam Ops Engrams,No,Edge of Fate,
Promised Reunion Armor,No,Armor,Armor,Cost 5 Spoils / Piece,No,The Final Shape,
Willbreaker's Armor,No,Armor,Armor,Cost 5 Spoils / Piece,No,Witch,
Of Agony Armor,No,Armor,Armor,Cost 5 Spoils / Piece,No,Lightfall,
War Numen's Armor,No,Armor,Armor,Cost 5 Spoils / Piece,No,Plunder,
Resonant Fury Armor,No,Armor,Armor,Cost 5 Spoils / Piece,No,Witch Queen,
Kabr's Armor,No,Armor,Armor,Cost 5 Spoils / Piece,No,Splicer,
Legacy's Oath Armor,No,Armor,Armor,Cost 5 Spoils / Piece,No,Beyond Light,
Of Ascendancy Armor,No,Armor,Armor,Cost 5 Spoils / Piece,No,Shadowkeep,
Great Hunt Armor,No,Armor,Armor,Cost 5 Spoils / Piece,No,Forsaken,
,Lord Shaxx,,,,,,
Solemn Lie,Yes,Hand Cannon,Arc,Focus,No,MoT,
Redrix's Estoc,Yes,Pulse Rifle,Stasis,Focus,No,MoT,
Deadlock,Yes,Shotgun,Stasis,Focus,No,MoT,
The Riposte,Yes,Auto Rifle,Void,Focus,No,MoT,
Belisarius-D,Yes,Pulse Rifle,Strand,Focus,No,MoT,
Mercurial Overreach,Yes,Sniper Rifle,Arc,Focus,No,MoT,
Rose,Yes,Hand Cannon,Kinetic,Focus,No,MoT,
Peculiar Charm,Yes,Submachine Gun,Kinetic,Focus,No,Renegades,
Solemn Remembrance,Yes,Hand Cannon,Stasis,Focus,No,Edge of Fate,
Joxer's Longsword,Yes,Pulse Rifle,Void,Focus,No,MoT,
Better Devils,Yes,Hand Cannon,Strand,Focus,No,MoT,
Unending Tempest,Yes,Submachine Gun,Stasis,Focus,No,MoT,
Randy's Throwing Knife,Yes,Scout Rifle,Kinetic,Focus,No,MoT,
Autumn Wind,Yes,Pulse Rifle,Kinetic,Focus,No,MoT,
Out of Bounds,Yes,Submachine Gun,Arc,Focus,No,MoT,
Sorrow's Verse,Yes,Auto Rifle,Arc,Focus,No,MoT,
Survivor's Epitaph,Yes,Hand Cannon,Kinetic,Focus,No,MoT,
The Keening,Yes,Rocket Sidearm,Arc,Focus,No,MoT,
Frozen Orbit,Yes,Sniper Rifle,Void,Focus,No,MoT,
The Helmsman,Yes,Sniper Rifle,Arc,Focus,No,MoT,
Qua Vinctus IV,Yes,Machine Gun,Strand,Focus,No,Renegades,
Retrofuturist,Yes,Shotgun,Void,Focus,No,MoT,
Anonymous Autumn,Yes,Sidearm,Arc,Focus,No,MoT,
Last Perdition,Yes,Pulse Rifle,Void,Focus,No,MoT,
Riptide,Yes,Fusion Rifle,Stasis,Focus,No,Renegades,
Mos Athanor IV,Yes,Hand Cannon,Void,Focus,No,Renegades,
Mida Macro-Tool,Yes,Shotgun,Arc,Focus,No,Edge of Fate,
Pure Recollection,Yes,Shotgun,Solar,Focus,No,Edge of Fate,
Returned Memory,Yes,Rocket Sidearm,Void,Focus,No,Edge of Fate,
Stars in Shadow,Yes,Pulse Rifle,Solar,Focus,No,Edge of Fate,
Steel Sybil,No,Sword,Void,Purchase,No,Forsaken,
Wishbringer,No,Shotgun,Solar,Purchase,No,Black Armory,
Crisis Inverted,No,Hand Cannon,Arc,Purchase,No,Witch Queen,
Blowout,No,Rocket Launcher,Arc,Purchase,No,Seraph,
Per Audacia Armor,Yes,Armor,Armor,Focus,No,MoT,
Triumphal Anthem Armor,Yes,Armor,Armor,Focus,No,MoT,
Wild Anthem Armor,Yes,Armor,Armor,Focus,No,Renegades,
Disaster Corps Armor,Yes,Armor,Armor,Focus,No,Edge of Fate,
Last Discipline Armor,Yes,Armor,Armor,Focus,No,Edge of Fate,
Phoenix Strife Type 0 Armor,No,Armor,Armor,Purchase,No,Warmind,
Wing Discipline Armor,No,Armor,Armor,Purchase,No,Arrivals,
Cinder Pinion Armor,No,Armor,Armor,Purchase,No,Hunt,
Clutch Extol,No,Armor,Armor,Purchase,No,Witch Queen,
Crimson Plume,No,Armor,Armor,Purchase,No,Echoes,
,Commander Zavala,,,,,,
Royal Entry,No,Rocket Launcher,Void,Purchase,No,Chosen,
Strident Whistle,No,Combat Bow,Solar,Purchase,No,Haunted,
Pure Poetry,No,Hand Cannon,Kinetic,Purchase,No,Plunder,
Luna Regolith III,No,Sniper Rifle,Solar,Purchase,No,Witch,
Double-Edged Answer,No,Sword,Void,Purchase,No,Wish,
Wicked Sister,No,Heavy Grenade Launcher,Strand,Purchase,No,Revenant,
Positive Outlook,Yes,Auto Rifle,Void,Actively Dropped (Fireteam Ops),No,MoT,
Main Ingredient,Yes,Fusion Rifle,Arc,Actively Dropped (Fireteam Ops),No,MoT,
Service Revolver,Yes,Hand Cannon,Kinetic,Actively Dropped (Fireteam Ops),No,MoT,
Nightshade,Yes,Pulse Rifle,Strand,Actively Dropped (Fireteam Ops),No,MoT,
Cynosure,Yes,Rocket Launcher,Strand,Actively Dropped (Fireteam Ops),No,MoT,
Nameless Midnight,Yes,Scout Rifle,Kinetic,Actively Dropped (Fireteam Ops),No,MoT,
Punching Out,Yes,Sidearm,Solar,Actively Dropped (Fireteam Ops),No,MoT,
Prolonged Engagement,Yes,Submachine Gun,Stasis,Actively Dropped (Fireteam Ops),No,MoT,
Convened Recurve,Yes,Combat Bow,Void,Actively Dropped (Fireteam Ops),No,MoT,
Aurora Dawn,Yes,Sword,Stasis,Actively Dropped (Fireteam Ops),No,MoT,
The Last Dance,Yes,Sidearm,Arc,Vendor Exclusive (Fireteam Ops),No,MoT,
The Third Axiom,Yes,Pulse Rifle,Arc,Vendor Exclusive (Fireteam Ops),No,MoT,
Empty Vessel,Yes,Special Grenade Launcher,Solar,Vendor Exclusive (Fireteam Ops),No,MoT,
Spoiler Alert,Yes,Sidearm,Kinetic,Vendor Exclusive (Fireteam Ops),No,MoT,
Xenoclast IV,Yes,Shotgun,Arc,Vendor Exclusive (Fireteam Ops),No,MoT,
Fortissimo-11,Yes,Shotgun,Kinetic,Vendor Exclusive (Fireteam Ops),No,MoT,
Origin Story,Yes,Auto Rifle,Kinetic,Vendor Exclusive (Fireteam Ops),No,MoT,
Nox Sidereal IV,Yes,Fusion Rifle,Stasis,Vendor Exclusive (Fireteam Ops),No,Renegades,
Psi Aeterna IV,Yes,Rocket Pulse Rifle,Arc,Vendor Exclusive (Fireteam Ops),No,Renegades,
Evening SI4,Yes,Sidearm,Solar,Vendor Exclusive (Fireteam Ops),No,Renegades,
Something Something,Yes,Sniper Rifle,Kinetic,Vendor Exclusive (Fireteam Ops),No,Renegades,
Unfall,Yes,Rocket Sidearm,Arc,Vendor Exclusive (Fireteam Ops),No,Edge of Fate,
Mercury-A,Yes,Combat Bow,Kinetic,Vendor Exclusive (Fireteam Ops),No,Edge of Fate,
Boomslang-4FR,Yes,Linear Fusion Rifle,Arc,Vendor Exclusive (Fireteam Ops),No,Edge of Fate,
Qua Nilus II,Yes,Submachine Gun,Strand,Vendor Exclusive (Fireteam Ops),No,Edge of Fate,
The Hothead,Yes,Rocket Launcher,Arc,Actively Dropped (Pinnacle Ops),No,MoT,
D.F.A.,Yes,Hand Cannon,Kinetic,Actively Dropped (Pinnacle Ops),No,MoT,
The Slammer,Yes,Sword,Stasis,Actively Dropped (Pinnacle Ops),No,MoT,
Lotus-Eater,Yes,Rocket Sidearm,Void,Actively Dropped (Pinnacle Ops),No,MoT,
The Palindrome,Yes,Hand Cannon,Arc,Actively Dropped (Pinnacle Ops),No,MoT,
Mint Retrograde,Yes,Rocket Pulse Rifle,Strand,Actively Dropped (Pinnacle Ops),No,MoT,
Adored,Yes,Sniper Rifle,Arc,Actively Dropped (Pinnacle Ops),No,MoT,
Null Composure,Yes,Fusion Rifle,Void,Actively Dropped (Pinnacle Ops),No,MoT,
Salvager's Salvo,Yes,Special Grenade Launcher,Arc,Actively Dropped (Pinnacle Ops),No,MoT,
Whatchamacallit,Yes,Submachine Gun,Arc,Actively Dropped (Pinnacle Ops),No,MoT,
Ouster Engine,Yes,Special Grenade Launcher,Stasis,Actively Dropped (Pinnacle Ops),No,MoT,
Shadow Price,Yes,Auto Rifle,Arc,Vendor Exclusive (Pinnacle Ops),No,MoT,
Loaded Question,Yes,Fusion Rifle,Arc,Vendor Exclusive (Pinnacle Ops),No,MoT,
Plug One.1,Yes,Fusion Rifle,Arc,Vendor Exclusive (Pinnacle Ops),No,MoT,
Rake Angle,Yes,Glaive,Stasis,Vendor Exclusive (Pinnacle Ops),No,MoT,
Wild Style,Yes,Special Grenade Launcher,Solar,Vendor Exclusive (Pinnacle Ops),No,MoT,
Wendigo GL3,Yes,Heavy Grenade Launcher,Arc,Vendor Exclusive (Pinnacle Ops),No,MoT,
Warden's Law,Yes,Hand Cannon,Kinetic,Vendor Exclusive (Pinnacle Ops),No,MoT,
Scintillation,Yes,Linear Fusion Rifle,Strand,Vendor Exclusive (Pinnacle Ops),No,MoT,
Cruel Mercy,Yes,Pulse Rifle,Arc,Vendor Exclusive (Pinnacle Ops),No,MoT,
Mindbender's Ambition,Yes,Shotgun,Kinetic,Vendor Exclusive (Pinnacle Ops),No,MoT,
Buzzard,Yes,Sidearm,Solar,Vendor Exclusive (Pinnacle Ops),No,MoT,
Uzume RR4,Yes,Sniper Rifle,Solar,Vendor Exclusive (Pinnacle Ops),No,MoT,
Duty Bound,Yes,Auto Rifle,Kinetic,Vendor Exclusive (Pinnacle Ops),No,Renegades,
A Good Shout,Yes,Heavy Combat Bow,Void,Vendor Exclusive (Pinnacle Ops),No,Renegades,
Sarpedon-d,Yes,Hand Cannon,Arc,Vendor Exclusive (Pinnacle Ops),No,Renegades,
Horror's Least,Yes,Pulse Rifle,Arc,Vendor Exclusive (Pinnacle Ops),No,Renegades,
Oxygen SR3,Yes,Scout Rifle,Solar,Vendor Exclusive (Pinnacle Ops),No,Renegades,
Forced Memorializer,Yes,Scout Rifle,Kinetic,Vendor Exclusive (Pinnacle Ops),No,Edge of Fate,
Seraphine Haze,Yes,Submachine Gun,Stasis,Vendor Exclusive (Pinnacle Ops),No,Edge of Fate,
Pre Astyanax IV,Yes,Combat Bow,Solar,Vendor Exclusive (Pinnacle Ops),No,Edge of Fate,
Lionfish-4FR,Yes,Fusion Rifle,Stasis,Vendor Exclusive (Pinnacle Ops),No,Edge of Fate,
Theodolite,Yes,Special Grenade Launcher,Arc,Vendor Exclusive (Pinnacle Ops),No,Edge of Fate,
Outrageous Fortune,Yes,Heavy Grenade Launcher,Solar,Vendor Exclusive (Pinnacle Ops),No,Edge of Fate,
The Ringing Nail,Yes,Auto Rifle,Solar,Actively Dropped (Arena Ops),No,MoT,
The Spiteful Fang,Yes,Combat Bow,Stasis,Actively Dropped (Arena Ops),No,MoT,
Tempered Dynamo,Yes,Fusion Rifle,Arc,Actively Dropped (Arena Ops),No,MoT,
Kindled Orchid,Yes,Hand Cannon,Void,Actively Dropped (Arena Ops),No,MoT,
Hammerhead,Yes,Machine Gun,Void,Actively Dropped (Arena Ops),No,MoT,
Blast Furnace,Yes,Pulse Rifle,Kinetic,Actively Dropped (Arena Ops),No,MoT,
Bellowing Giant,Yes,Rocket Launcher,Void,Actively Dropped (Arena Ops),No,MoT,
No Feelings,Yes,Scout Rifle,Arc,Actively Dropped (Arena Ops),No,MoT,
Tatara Gaze,Yes,Sniper Rifle,Arc,Actively Dropped (Arena Ops),No,MoT,
Stryker's Sure-Hand,Yes,Sword,Void,Actively Dropped (Arena Ops),No,MoT,
Fair Judgment,Yes,Auto Rifle,Stasis,Actively Dropped (Solo Ops),No,MoT,
Resounding,Yes,Fusion Rifle,Strand,Actively Dropped (Solo Ops),No,MoT,
Ecliptic Distaff,Yes,Glaive,Void,Actively Dropped (Solo Ops),No,MoT,
Cry Mutiny,Yes,Heavy Grenade Launcher,Solar,Actively Dropped (Solo Ops),No,MoT,
Malediction,Yes,Hand Cannon,Kinetic,Actively Dropped (Solo Ops),No,MoT,
Chain of Command,Yes,Machine Gun,Stasis,Actively Dropped (Solo Ops),No,MoT,
Veles-X,Yes,Pulse Rifle,Void,Actively Dropped (Solo Ops),No,MoT,
Ascendancy,Yes,Rocket Launcher,Solar,Actively Dropped (Solo Ops),No,MoT,
Last Rite,Yes,Scout Rifle,Kinetic,Actively Dropped (Solo Ops),No,MoT,
Reckless Endangerment,Yes,Shotgun,Kinetic,Actively Dropped (Solo Ops),No,MoT,
Perfect Pitch,Yes,Submachine Gun,Solar,Actively Dropped (Solo Ops),No,MoT,
Chivalric Fire,Yes,Sword,Void,Actively Dropped (Solo Ops),No,MoT,
Luminopotent Armor,Yes,Armor,Armor,Focus,No,MoT,
Ferropotent Armor,Yes,Armor,Armor,Focus,No,Renegades,
Smoke Jumper Armor,Yes,Armor,Armor,Focus,No,Edge of Fate,
Techsec Armor,Yes,Armor,Armor,Focus,No,Edge of Fate,
Eutechnoloty Armor,Yes,Armor,Armor,Focus,No,MoT,
Swordmaster's Armor,Yes,Armor,Armor,Focus,No,Renegades,
Bushido Armor,Yes,Armor,Armor,Focus,No,Edge of Fate,
The Shelter in Place Armor,Yes,Armor,Armor,Purchase,No,Warmind,
Triumphal Anthem Armor,Yes,Armor,Armor,Vanguard Armory,No,MoT,
Vigil of Heroes Armor,No,Armor,Armor,Purchase,No,Arrivals,
Phobos Warden Armor,No,Armor,Armor,Purchase,No,Hunt,
Photosuede Armor,No,Armor,Armor,Purchase,No,Witch Queen,
Wall-Watcher Armor,No,Armor,Armor,Purchase,No,Echoes,
,Tenet of Bravery,,,,,,
Phoneutria Fera,Yes,Hand Cannon,Solar,Purchase,No,Edge of Fate,
Trachinus,Yes,Shotgun,Stasis,Purchase,No,Edge of Fate,
Synanceia,Yes,Sword,Solar,Purchase,No,Edge of Fate,
Ribbontail,Yes,Trace Rifle,Strand,Purchase,No,Edge of Fate,
Submersion,Yes,Heavy Combat Bow,Stasis,Purchase,No,Edge of Fate,
Romantic Death,Yes,Special Grenade Launcher,Void,Purchase,No,Edge of Fate,
Folded Root,Yes,Rocket Launcher,Void,Purchase,No,Edge of Fate,
King Orfeo,Yes,Combat Bow,Arc,Purchase,No,Renegades,
The Heron,Yes,Glaive,Void,Purchase,No,Renegades,
Action Item,Yes,Trace Rifle,Stasis,Purchase,No,Renegades,
Micromort,Yes,Rocket Launcher,Arc,Purchase,No,Renegades,
Gizmo Weft,Yes,Special Grenade Launcher,Strand,Purchase,No,Renegades,
Sixth Sense,Yes,Hand Cannon,Strand,Purchase,No,MoT,
Hardline Cut,Yes,Sword,Arc,Purchase,No,MoT,
Compass Rose,Yes,Shotgun,Solar,Purchase,No,MoT,
Crowning Duologue,Yes,Rocket Launcher,Strand,Purchase,No,MoT,
Fortunate Star,Yes,Combat Bow,Void,Purchase,No,Edge of Fate,
Festival Flight,Yes,Special Grenade Launcher,Strand,Purchase,No,Edge of Fate,
Yeartide Apex,Yes,Submachine Gun,Solar,Purchase,No,Edge of Fate,
Dawn Far Off,Yes,Machine Gun,Solar,Purchase,No,MoT,
Rapid Growth,Yes,Sniper Rifle,Arc,Purchase,No,MoT,
Something New,Yes,Hand Cannon,Stasis,Purchase,No,MoT,
Hushed Whisper,Yes,Combat Bow,Strand,Purchase,No,Edge of Fate,
Arcane Embrace,Yes,Shotgun,Arc,Purchase,No,Edge of Fate,
Gunburn,Yes,Submachine Gun,Strand,Purchase,No,Edge of Fate,
Acosmic,Yes,Heavy Grenade Launcher,Void,Purchase,No,MoT,
Horror Story,Yes,Auto Rifle,Kinetic,Purchase,No,MoT,
Mechabre,Yes,Sniper Rifle,Arc,Purchase,No,MoT,
Fimbulwinter's Stitch,Yes,Sidearm,Arc,Purchase,No,Renegades,
Permafrost,Yes,Special Grenade Launcher,Stasis,Purchase,No,Renegades,
Mistral Lift,Yes,Linear Fusion Rifle,Void,Purchase,No,Renegades,
Stay Frosty,Yes,Pulse Rifle,Stasis,Purchase,No,MoT,
Albedo Wing,Yes,Glaive,Arc,Purchase,No,MoT,
Zephyr,Yes,Sword,Stasis,Purchase,No,MoT,
The Beacon,Yes,Fusion Rifle,Solar,Purchase,No,Renegades,
Triple Laureate,Yes,Hand Cannon,Stasis,Purchase,No,Renegades,
Keraunios,Yes,Trace Rifle,Arc,Purchase,No,Renegades,
Hullabaloo,Yes,Special Grenade Launcher,Arc,Purchase,No,MoT,
Taraxippos,Yes,Scout Rifle,Strand,Purchase,No,MoT,
The Title,Yes,Submachine Gun,Void,Purchase,No,MoT,
Psi Aeterna IV,Yes,Rocket Pulse Rifle,Arc,Purchase,No,Renegades,
Something Something,Yes,Sniper Rifle,Kinetic,Purchase,No,Renegades,
Evening SI4,Yes,Sidearm,Solar,Purchase,No,Renegades,
Unfall,Yes,Rocket Launcher,Arc,Purchase,No,Edge of Fate,
Mercury-A,Yes,Combat Bow,Kinetic,Purchase,No,Edge of Fate,
Qua Nilus II,Yes,Submachine Gun,Strand,Purchase,No,Edge of Fate,
Boomslang-4FR,Yes,Linear Fusion Rifle,Arc,Purchase,No,Edge of Fate,
Sarpedon-D,Yes,Hand Cannon,Arc,Purchase,No,Renegades,
A Good Shout,Yes,Heavy Combat Bow,Void,Purchase,No,Renegades,
Oxygen SR3,Yes,Scout Rifle,Solar,Purchase,No,Renegades,
Horror's Least,Yes,Pulse Rifle,Arc,Purchase,No,Renegades,
Duty Bound,Yes,Auto Rifle,Kinetic,Purchase,No,Renegades,
Seraphine Haze,Yes,Submachine Gun,Stasis,Purchase,No,Edge of Fate,
Forced Memorializer,Yes,Scout Rifle,Kinetic,Purchase,No,Edge of Fate,
Theodolite,Yes,Special Grenade Launcher,Arc,Purchase,No,Edge of Fate,
Lionfish-4FR,Yes,Fusion Rifle,Stasis,Purchase,No,Edge of Fate,
Outrageous Fortune,Yes,Heavy Grenade Launcher,Solar,Purchase,No,Edge of Fate,
Pre Astyanax IV,Yes,Combat Bow,Solar,Purchase,No,Edge of Fate,
Riptide,Yes,Fusion Rifle,Stasis,Purchase,No,Renegades,
Mos Athanor IV,Yes,Hand Cannon,Void,Purchase,No,Renegades,
Mida Macro-Tool,Yes,Shotgun,Arc,Purchase,No,Edge of Fate,
Returned Memory,Yes,Rocket Sidearm,Solar,Purchase,No,Edge of Fate,
Pure Recollection,Yes,Shotgun,Void,Purchase,No,Edge of Fate,
Stars in Shadow,Yes,Pulse Rifle,Solar,Purchase,No,Edge of Fate,
Monody-44,Yes,Fusion Rifle,Void,Purchase,No,Renegades,
Motif-41,Yes,Special Grenade Launcher,Solar,Purchase,No,Renegades,
Eighty-Six,Yes,Sword,Strand,Purchase,No,Renegades,
Hawthorne's Field-Forged Shotgun,Yes,Shotgun,Kinetic,Purchase,No,Renegades,
Drang,Yes,Rocket Sidearm,Solar,Purchase,No,Edge of Fate,
Mida Mini Tool,Yes,Submachine Gun,Solar,Purchase,No,Edge of Fate,
Halieatus,Yes,Rocket Launcher,Strand,Purchase,No,Edge of Fate,
Ahab Char,Yes,Auto Rifle,Solar,Purchase,No,Edge of Fate,
Jurisprudent,Yes,Scout Rifle,Stasis,Purchase,No,Edge of Fate,
Faustus Decline,Yes,Rocket Sidearm,Stasis,Purchase,No,Edge of Fate,
Shoreline Dissident,Yes,Sniper Rifle,Void,Purchase,No,Edge of Fate,
Lustrous Armor,Yes,Armor,Armor,Purchase,No,Edge of Fate,
,Monument to Lost Lights,,,,,,
Felwinter's Lie,No,Shotgun,Solar,Legacy Curated Weapon,No,Worthy,
Adored,No,Sniper Rifle,Arc,Legacy Curated Weapon,No,Hunt,
Salvager's Salvo,No,Heavy Grenade Launcher,Arc,Legacy Curated Weapon,No,Chosen,
Null Composure,No,Fusion Rifle,Void,Legacy Curated Weapon,No,Splicer,
Ascendency,No,Rocket Launcher,Solar,Legacy Curated Weapon,No,Lost,
Reckless Endangerment,No,Shotgun,Kinetic,Legacy Curated Weapon,No,Witch Queen,
Chain of Command,No,Machine Gun,Stasis,Legacy Curated Weapon,No,Haunted,
Cry Mutiny,No,Heavy Grenade Launcher,Solar,Legacy Curated Weapon,No,Plunder,
Veles-X,No,Pulse Rifle,Void,Legacy Curated Weapon,No,Seraph,
Ecliptic Distaff,No,Glaive,Void,Legacy Curated Weapon,No,Defiance,
Last Rite,No,Scout Rifle,Kinetic,Legacy Curated Weapon,No,Deep,
Malediction,No,Hand Cannon,Void,Legacy Curated Weapon,No,Witch,
Chivalric Fire,No,Sword,Void,Legacy Curated Weapon,No,Wish,
Perfect Pitch,No,Submachine Gun,Solar,Legacy Curated Weapon,No,Echoes,
Fair Judgment,No,Auto Rifle,Stasis,Legacy Curated Weapon,No,Revenant,
Resounding,No,Fusion Rifle,Strand,Legacy Curated Weapon,No,Heresy,
Luna's Howl,No,Hand Cannon,Solar,Legacy Crucible Weapons,No,Forsaken,
Not Forgotten,No,Hand Cannon,Solar,Legacy Crucible Weapons,No,Forsaken,
Redrix's Broadsword,No,Pulse Rifle,Kinetic,Legacy Crucible Weapons,No,Forsaken,
The Mountaintop,No,Special Grenade Launcher,Kinetic,Legacy Crucible Weapons,No,Black Armory,
The Recluse,No,Submachine Gun,Void,Legacy Crucible Weapons,No,Drifter,
Revoker,No,Sniper Rifle,Kinetic,Legacy Crucible Weapons,No,Opulence,
Komodo-4FR,No,Linear Fusion Rifle,Solar,Legacy Crucible Weapons,No,Dawn,
21% Delirium,No,Machine Gun,Arc,Legacy Gambit Weapons,No,Drifter,
Exit Strategy,No,Submachine Gun,Kinetic,Legacy Gambit Weapons,No,Undying,
Python,No,Shotgun,Void,Legacy Gambit Weapons,No,Dawn,
Oxygen SR3,No,Scout Rifle,Solar,Legacy Vanguard Weapons,No,Drifter,
Edgewise,No,Heavy Grenade Launcher,Solar,Legacy Vanguard Weapons,No,Undying,
,Xur's Treasure Hoard,,,,,,
Wastelander M5,Yes,Shotgun,Kinetic,Eternity Vendor,Yes,30th Anniversary,Tier Upgrade After Crafting
Half-Truths,Yes,Sword,Arc,Eternity Vendor,Yes,30th Anniversary,Tier Upgrade After Crafting
The Other Half,Yes,Sword,Void,Eternity Vendor,Yes,30th Anniversary,Tier Upgrade After Crafting
Retraced Path,Yes,Trace Rifle,Solar,Eternity Vendor,Yes,30th Anniversary,Tier Upgrade After Crafting
BxR-55 Battler,Yes,Pulse Rifle,Solar,Eternity Vendor,Yes,30th Anniversary,Tier Upgrade After Crafting
Pardon Our Dust,Yes,Heavy Grenade Launcher,Kinetic,Eternity Vendor,Yes,30th Anniversary,Tier Upgrade After Crafting
,Nimbus,,,,,,
Dimensional Hypertrochoid,Yes,Heavy Grenade Launcher,Stasis,Neomuna Rank Rewards,Yes,Lightfall,Tier Upgrade After Crafting
Phylotactic Spiral,Yes,Pulse Rifle,Arc,Neomuna Rank Rewards,Yes,Lightfall,Tier Upgrade After Crafting
Volta Bracket,Yes,Sniper Rifle,Strand,Neomuna Rank Rewards,Yes,Lightfall,Tier Upgrade After Crafting
Round Robin,Yes,Hand Cannon,Strand,Neomuna Rank Rewards,Yes,Lightfall,Tier Upgrade After Crafting
Iterative Loop,Yes,Fusion Rifle,Arc,Neomuna Rank Rewards,Yes,Lightfall,Tier Upgrade After Crafting
Thunderhead Armor,Yes,Armor,Armor,Neomuna Rank Rewards,No,MoT,
,Altar of Relativity,,,,,,
Giver's Blessing,Yes,Auto Rifle,Kinetic,Focused Decoding,No,Edge of Fate,
Agape,Yes,Hand Cannon,Solar,Focused Decoding,No,Edge of Fate,
Ulterior Observation,Yes,Machine Gun,Stasis,Focused Decoding,No,Edge of Fate,
Last Thursday,Yes,Pulse Rifle,Strand,Focused Decoding,No,Edge of Fate,
Sublimation,Yes,Scout Rifle,Arc,Focused Decoding,No,Edge of Fate,
Precipial,Yes,Shotgun,Void,Focused Decoding,No,Edge of Fate,
Aion Renewal Armor,Yes,Armor,Armor,Focused Decoding,No,Edge of Fate,
Aion Adapter Armor,Yes,Armor,Armor,World Drop,No,Edge of Fate,
,Fynch,,,,,,
Pointed Inquiry,Yes,Scout Rifle,Arc,Reward Track,No,Witch Queen,
Veritas Armor,Yes,Armor,Armor,Reward Track,No,Witch Queen,
,Ghost,,,,,,
The Call,Yes,Rocket Sidearm,Strand,Pale Heart Rank Rewards,Yes,The Final Shape,Tier Upgrade After Crafting
No Hesitations,Yes,Auto Rifle,Solar,Pale Heart Rank Rewards,Yes,The Final Shape,Tier Upgrade After Crafting
Someday,Yes,Shotgun,Kinetic,Pale Heart Rank Rewards,Yes,The Final Shape,Tier Upgrade After Crafting
Bold Endings,Yes,Hand Cannon,Stasis,Pale Heart Rank Rewards,Yes,The Final Shape,Tier Upgrade After Crafting
Embraced Identity,Yes,Sniper Rifle,Void,Pale Heart Rank Rewards,Yes,The Final Shape,Tier Upgrade After Crafting
Axial Lacuna,Yes,Fusion Rifle,Solar,Pale Heart Rank Rewards,Yes,The Final Shape,Tier Upgrade After Crafting
False Idols,Yes,Sword,Solar,Pale Heart Rank Rewards,Yes,The Final Shape,Tier Upgrade After Crafting
The First Ascent Armor,Yes,Armor,Armor,Pale Heart Rank Rewards,No,The Final Shape,